<?xml version="1.0" encoding="UTF-8"?>
<ralasafe>	
	<action-mapping>
		<action-name>org.ralasafe.servlet.UserTypeMngAction</action-name>
		<url-pattern>/ralasafe/userTypeMng.rls</url-pattern>
	</action-mapping>
	<action-mapping>
		<action-name>org.ralasafe.servlet.UserTypeInstallAction</action-name>
		<url-pattern>/ralasafe/userTypeInstall.rls</url-pattern>
	</action-mapping>
	<action-mapping>
		<action-name>org.ralasafe.servlet.DesignerAction</action-name>
		<url-pattern>/ralasafe/designer.rls</url-pattern>
	</action-mapping>
	<action-mapping>
		<action-name>org.ralasafe.servlet.UtilAction</action-name>
		<url-pattern>/ralasafe/util.rls</url-pattern>
	</action-mapping>
	<action-mapping>
		<action-name>org.ralasafe.servlet.RoleMngAction</action-name>
		<url-pattern>/ralasafe/privilege/roleMng.rls</url-pattern>
	</action-mapping>
	<action-mapping>
		<action-name>org.ralasafe.servlet.RolePrivilegeAction</action-name>
		<url-pattern>/ralasafe/privilege/rolePrivilege.rls</url-pattern>
	</action-mapping>
	<action-mapping>
		<action-name>org.ralasafe.servlet.UserMngAction</action-name>
		<url-pattern>/ralasafe/user/userMng.rls</url-pattern>
	</action-mapping>
	<action-mapping>
		<action-name>org.ralasafe.servlet.UserRoleAction</action-name>
		<url-pattern>/ralasafe/user/userRole.rls</url-pattern>
	</action-mapping>
	<action-mapping>
		<action-name>org.ralasafe.servlet.PrivilegeMngAction</action-name>
		<url-pattern>/ralasafe/privilege/privilegeMng.rls</url-pattern>
	</action-mapping>
	<action-mapping>
		<action-name>org.ralasafe.servlet.NonRolePrivilegeMngAction</action-name>
		<url-pattern>/ralasafe/privilege/nonRolePrivilegeMng.rls</url-pattern>
	</action-mapping>
	<action-mapping>
		<action-name>org.ralasafe.servlet.PrivilegeExportAction</action-name>
		<url-pattern>/ralasafe/privilege/privilegeExport.rls</url-pattern>
	</action-mapping>
    <action-mapping>
		<action-name>org.ralasafe.servlet.PrivilegePolicyAction</action-name>
		<url-pattern>/ralasafe/privilege/policy.rls</url-pattern>
	</action-mapping>
	<action-mapping>
		<action-name>org.ralasafe.servlet.QueryEntitlementAction</action-name>
		<url-pattern>/ralasafe/privilege/queryEntitlement.rls</url-pattern>
	</action-mapping>
	<action-mapping>
		<action-name>org.ralasafe.servlet.QueryEntitlementTestAction</action-name>
		<url-pattern>/ralasafe/privilege/queryEntitlementTest.rls</url-pattern>
	</action-mapping>
	<action-mapping>
		<action-name>org.ralasafe.servlet.DecisionEntitlementAction</action-name>
		<url-pattern>/ralasafe/privilege/decisionEntitlement.rls</url-pattern>
	</action-mapping>
	<action-mapping>
		<action-name>org.ralasafe.servlet.DecisionEntitlementTestAction</action-name>
		<url-pattern>/ralasafe/privilege/decisionEntitlementTest.rls</url-pattern>
	</action-mapping>
	
	<action-mapping>
		<action-name>org.ralasafe.servlet.QueryMngAction</action-name>
		<url-pattern>/ralasafe/query/queryMng.rls</url-pattern>
	</action-mapping>
	<action-mapping>
		<action-name>org.ralasafe.servlet.QueryPolicyAction</action-name>
		<url-pattern>/ralasafe/query/policy.rls</url-pattern>
	</action-mapping>
	<action-mapping>
		<action-name>org.ralasafe.servlet.QueryDesignAction</action-name>
		<url-pattern>/ralasafe/query/queryDesign.rls</url-pattern>
	</action-mapping>
	<action-mapping>
		<action-name>org.ralasafe.servlet.QueryRawAction</action-name>
		<url-pattern>/ralasafe/query/queryRaw.rls</url-pattern>
	</action-mapping>
	<action-mapping>
		<action-name>org.ralasafe.servlet.QueryTestAction</action-name>
		<url-pattern>/ralasafe/query/queryTest.rls</url-pattern>
	</action-mapping>
	<action-mapping>
		<action-name>org.ralasafe.servlet.UserCategoryMngAction</action-name>
		<url-pattern>/ralasafe/userCategory/userCategoryMng.rls</url-pattern>
	</action-mapping>
	<action-mapping>
		<action-name>org.ralasafe.servlet.UserCategoryPolicyAction</action-name>
		<url-pattern>/ralasafe/userCategory/policy.rls</url-pattern>
	</action-mapping>
	<action-mapping>
		<action-name>org.ralasafe.servlet.UserCategoryPolicyDesignAction</action-name>
		<url-pattern>/ralasafe/userCategory/policyDesign.rls</url-pattern>
	</action-mapping>
	<action-mapping>
		<action-name>org.ralasafe.servlet.UserCategoryPolicyRawAction</action-name>
		<url-pattern>/ralasafe/userCategory/policyRaw.rls</url-pattern>
	</action-mapping>
	<action-mapping>
		<action-name>org.ralasafe.servlet.UserCategoryPolicyTestAction</action-name>
		<url-pattern>/ralasafe/userCategory/policyTest.rls</url-pattern>
	</action-mapping>
	
	<action-mapping>
		<action-name>org.ralasafe.servlet.BusinessDataMngAction</action-name>
		<url-pattern>/ralasafe/businessData/businessDataMng.rls</url-pattern>
	</action-mapping>
	<action-mapping>
		<action-name>org.ralasafe.servlet.BusinessDataPolicyAction</action-name>
		<url-pattern>/ralasafe/businessData/policy.rls</url-pattern>
	</action-mapping>
	<action-mapping>
		<action-name>org.ralasafe.servlet.BusinessDataPolicyDesignAction</action-name>
		<url-pattern>/ralasafe/businessData/policyDesign.rls</url-pattern>
	</action-mapping>
	<action-mapping>
		<action-name>org.ralasafe.servlet.BusinessDataPolicyRawAction</action-name>
		<url-pattern>/ralasafe/businessData/policyRaw.rls</url-pattern>
	</action-mapping>
	<action-mapping>
		<action-name>org.ralasafe.servlet.BusinessDataPolicyTestAction</action-name>
		<url-pattern>/ralasafe/businessData/policyTest.rls</url-pattern>
	</action-mapping>
	
</ralasafe>